;close;date;high;low;open;quoteVolume;volume;weightedAverage
0;326.99;2015-11-25 00:00:00;329;318.10010001;327.9998999;13.33573488;4363.41308284;327.19704779
1;355.10127219;2015-11-26 00:00:00;366.95586085;326.99047556;328.989999;37.19067652;12795.53470417;344.05221688
2;361.99995456;2015-11-27 00:00:00;378.888888;349.00000605;355.10130018;14.7870852;5368.60568671;363.06044187
3;356;2015-11-28 00:00:00;364;354.00000001;361.99995456;23.57980011;8422.3282943;357.18404121
4;375.00000004;2015-11-29 00:00:00;378.888888;356.50014836;357.100001;5.68108327;2090.20380147;367.92345792
5;379.49999999;2015-11-30 00:00:00;385.00000001;371.99999999;375;11.27324131;4270.35881246;378.80487918
6;364;2015-12-01 00:00:00;379.39999999;355;379.39999999;16.3985129;6039.86433605;368.31780862
7;365.65493181;2015-12-02 00:00:00;366.36659;353.525125;356.450002;10.15577701;3623.81496124;356.8230139
8;366.99999998;2015-12-03 00:00:00;375;356.00000801;365.46090835;7.39747862;2682.53387575;362.62813501
9;365.51;2015-12-04 00:00:00;366;355.12278158;364.99999941;11.14497171;4006.18956686;359.4616183
10;380.45053057;2015-12-05 00:00:00;392.265;360.12706417;365.49;39.76082827;14923.9584081;375.34324754
11;390.30007076;2015-12-06 00:00:00;400.00000001;380.99663008;389.99999944;24.53737778;9688.91212093;394.86338792
12;394.20032806;2015-12-07 00:00:00;403.00000001;388.00009037;397.99999989;16.49481465;6553.67471525;397.31726935
13;418.5542986;2015-12-08 00:00:00;418.5542986;392.20000001;398.5;20.93096423;8458.64850158;404.12130127
14;421.9999999;2015-12-09 00:00:00;428.99999997;404.48417735;413.00000018;34.80317519;14490.17812562;416.34644099
15;425.17679999;2015-12-10 00:00:00;425.17679999;410.000021;420.51425536;13.94814491;5793.98207009;415.39445621
16;452.70000009;2015-12-11 00:00:00;456.65800001;418.63267478;420.00000027;51.39556954;22657.15254636;440.8386316
17;430.15422975;2015-12-12 00:00:00;468;405.66284539;445.79596711;56.7266941;24374.04001909;429.67496001
18;433.00000202;2015-12-13 00:00:00;444.99999993;423.25;427.86722266;19.03911014;8316.76869106;436.82549393
19;443.09999999;2015-12-14 00:00:00;449.49498;431.00007782;433.04088808;9.45545849;4180.87865293;442.16561865
20;465.15045061;2015-12-15 00:00:00;465.15045069;442.99999993;443.00000009;33.24111974;15161.60372743;456.1098978
21;453.000001;2015-12-16 00:00:00;468.49999999;445;465.15045049;23.86513323;10825.19994283;453.5989738
22;453.500001;2015-12-17 00:00:00;457.9999;451;455.99999999;2.97226988;1346.45368139;453.00518989
23;460;2015-12-18 00:00:00;465;453.000001;453.500001;11.03898949;5049.65580533;457.43822927
24;460;2015-12-19 00:00:00;466.929;452.130001;458.000001;25.09808869;11513.43735268;458.73761523
25;438.10101011;2015-12-20 00:00:00;460;431.01;456.81643452;24.83811931;11042.25379025;444.568836
26;439.7999;2015-12-21 00:00:00;443.0999999;426;443.09925;26.59737045;11583.495905;435.51282359
27;434.84381765;2015-12-22 00:00:00;439.83131689;432.2589971;432.2589971;15.54342014;6790.83811122;436.89471493
28;445.67999996;2015-12-23 00:00:00;446;434;434.00000001;5.90406712;2590.72813707;438.80397773
29;453.06292574;2015-12-24 00:00:00;464.88566999;441.52188074;445.67999;11.97441975;5436.33844866;453.99598161
30;455;2015-12-25 00:00:00;459.39999999;450;453.0630166;3.93842543;1783.49667733;452.84510498
31;418.53822857;2015-12-26 00:00:00;460.999999;409.000166;455.99999989;26.53301699;11361.05410045;428.18553595
32;421.24000002;2015-12-27 00:00:00;429.68242294;412.32;420.95017872;14.22446219;5994.61615054;421.4300738
33;423.59556697;2015-12-28 00:00:00;431.69037499;417.00000001;423.08;7.56572535;3195.21888091;422.32816195
34;427.00000001;2015-12-29 00:00:00;437.0783412;421.1;421.1;8.35056121;3568.15835775;427.29563534
35;425.12;2015-12-30 00:00:00;434.07;420;433.2;8.29649373;3505.68330624;422.54998561
36;430.57315002;2015-12-31 00:00:00;430.57315002;417;424.27;6.02804445;2539.67580514;421.31006601
37;434.98999999;2016-01-01 00:00:00;435;428.26000202;428.26000202;6.8872573;2975.02694268;431.96105693
38;436.9499;2016-01-02 00:00:00;438.13999999;430.5;434.98999999;2.1799812;944.85328936;433.42267784
39;428.14;2016-01-03 00:00:00;435.61499822;426.45308869;432.31;1.59634895;683.91847;428.42667325
40;432.00001111;2016-01-04 00:00:00;435.999999;427.29114042;427.29114142;1.67342763;724.97600445;433.22817877
41;430.37677352;2016-01-05 00:00:00;435.999999;429.5695;430.14021095;0.99253002;427.64728309;430.86584231
42;427.50002018;2016-01-06 00:00:00;434.99999973;427.290001;430.17047263;1.90335797;819.34482713;430.47332138
43;458.89700208;2016-01-07 00:00:00;458.89700208;427.50057343;427.50057343;24.01355979;10706.24231174;445.84153309
44;453.05;2016-01-08 00:00:00;468;446.99999999;451.10001118;12.93045198;5912.94840652;457.28860952
45;447.420001;2016-01-09 00:00:00;457.3980537;447.00037915;453.05;4.18158121;1879.48546964;449.46764758
46;450.72851988;2016-01-10 00:00:00;453.02999998;440.02000706;447.420001;20.46199501;9116.86086338;445.55092789
47;447;2016-01-11 00:00:00;455.66999999;444.89;448.77;16.13130083;7224.81225238;447.87536532
48;434.4962313;2016-01-12 00:00:00;448.62;434.07784163;448.08324386;16.94157502;7525.82848928;444.2224811
49;433.68500408;2016-01-13 00:00:00;439.69999998;424.001;433.4962313;21.08651871;9072.75886437;430.2634773
50;429.49640246;2016-01-14 00:00:00;434.99999999;424;428.53476603;5.27221683;2267.46968672;430.07898951
51;362;2016-01-15 00:00:00;429.49640246;358.000006;428.88954001;69.04527551;27192.75979869;393.83954365
52;386.4618669;2016-01-16 00:00:00;387.99999999;333.6;357;53.71812172;19523.98472643;363.45248309
53;370;2016-01-17 00:00:00;394.1;369.71695546;386.46186691;36.26175886;13842.4998052;381.73823444
54;388;2016-01-18 00:00:00;399.94999999;367.11112952;371.44223035;57.57306112;22196.01999022;385.52787637
55;378.50200171;2016-01-19 00:00:00;395;376.73464414;393.89998999;22.66875144;8779.08855613;387.27711049
56;422.88270948;2016-01-20 00:00:00;422.88270948;377.4225;379.502007;38.05770367;15387.14149928;404.31082318
57;406.0000001;2016-01-21 00:00:00;420.42999999;401.43089234;418.00000397;16.43429452;6751.03616056;410.78953236
58;380.97271858;2016-01-22 00:00:00;413.26513434;375;405.0000003;17.39397088;6756.02213209;388.41171913
59;389.94000001;2016-01-23 00:00:00;404.36071952;378.02890176;378.02890176;34.25231086;13328.05830136;389.11413468
60;402.85787573;2016-01-24 00:00:00;407.91799999;378.80930001;385.00000003;26.78341595;10516.92480948;392.66555203
61;391.17000081;2016-01-25 00:00:00;406.80087625;384.90950034;404.82937107;45.79431393;18108.31186502;395.42708059
62;395.11999999;2016-01-26 00:00:00;399.65700001;384.90950034;390.26000002;39.99480993;15647.27354435;391.23260172
63;396;2016-01-27 00:00:00;401.17609864;384.332;387.79;33.01060657;12979.7346639;393.1989143
64;378.0000001;2016-01-28 00:00:00;391.19000101;374.68813274;391.19000101;29.05393899;11050.97176019;380.36053438
65;376.8600002;2016-01-29 00:00:00;381.0000001;357.59046709;376.98;34.81245568;12980.18192613;372.86027867
66;378.66999987;2016-01-30 00:00:00;380.5;371.2;378.94281121;4.72278541;1781.19602242;377.14947171
67;367.33999995;2016-01-31 00:00:00;380.5;362.60000001;380.22999999;22.4369113;8407.72255208;374.72727148
68;370.45;2016-02-01 00:00:00;380.09999995;360.5;367.33999991;36.38603875;13509.41891094;371.28028702
69;368.6900001;2016-02-02 00:00:00;377.7777777;368.67145259;376.09;15.0157779;5604.44787387;373.2372649
70;358.52;2016-02-03 00:00:00;373;351.8881965;368.81387894;24.72730712;9004.93684017;364.16973334
71;389.59999999;2016-02-04 00:00:00;389.59999999;358.51;360.00002945;45.73942499;17028.530682;372.29437592
72;385.98899663;2016-02-05 00:00:00;397.97511686;380.3530589;385.7773098;57.96301395;22708.10009319;391.76879436
73;377.63999823;2016-02-06 00:00:00;388.18962933;371;388.18962933;41.10831006;15583.53414189;379.08476702
74;372.99999916;2016-02-07 00:00:00;381.67419373;368.99999823;376.96999674;42.41345192;15932.59275596;375.64951765
75;369.65447893;2016-02-08 00:00:00;379.00999997;369.09999999;372.99999916;17.38359135;6479.48321648;372.7355922
76;376.71518383;2016-02-09 00:00:00;380.49;369.65451242;373.21999972;55.2633927;20723.32240604;374.99185977
77;382.97999999;2016-02-10 00:00:00;385;364.1000001;376.98829552;100.09405847;37846.45175219;378.1088741
78;387.95;2016-02-11 00:00:00;388.254;371.00000001;382.98;56.58276553;21454.516881;379.17052445
79;385;2016-02-12 00:00:00;415.01869658;320;378.34879972;151.41985003;56849.66494514;375.44393904
80;391.98999996;2016-02-13 00:00:00;397.99999998;380.31135223;384.31;115.17376689;44799.38904767;388.97216143
81;404.88887998;2016-02-14 00:00:00;406.00000681;390.01050005;391.98999996;74.45059742;29671.13864735;398.53459442
82;403.8416231;2016-02-15 00:00:00;408.7;397.59;398.00001134;101.64696854;40996.12487407;403.31871636
83;408.00000009;2016-02-16 00:00:00;412.79999999;399.00000352;399.00000362;64.29109315;26228.93154111;407.97146627
84;413.50000048;2016-02-17 00:00:00;426;399.55;411.49999999;117.91827392;48770.63843345;413.59694992
85;418.10000823;2016-02-18 00:00:00;424.76999998;411;413.50000535;83.30538084;34912.88661748;419.09521648
86;417.00000354;2016-02-19 00:00:00;424.8;413.00000001;420;34.85415445;14617.06581747;419.37800667
87;436.5100001;2016-02-20 00:00:00;440;416.001;416.001;87.98980171;37972.04766773;431.55055392
88;441.00000442;2016-02-21 00:00:00;445;420.48999982;436.99999009;81.97225587;35817.96966889;436.95234794
89;440;2016-02-22 00:00:00;441.00000442;429.17;441.00000442;54.19509622;23594.55422733;435.3632685
90;416.10000178;2016-02-23 00:00:00;440.00000001;413.42;440;141.62216213;60429.45297098;426.69489056
91;409.45245;2016-02-24 00:00:00;425.09999896;405.99500043;416.10000178;94.03714592;39025.54904354;415.00141951
92;422.999999;2016-02-25 00:00:00;425.70181751;384.02000001;409.453;190.54795475;77657.33776091;407.54747466
93;432.48000001;2016-02-26 00:00:00;432.48000001;411.88900001;420;87.40090521;37088.59457624;424.35023398
94;425.52;2016-02-27 00:00:00;434.99999;421.00100001;429.00000552;44.24819954;18908.51511429;427.32846332
95;432.84999997;2016-02-28 00:00:00;439.44;380.99999;430;172.11082647;71879.58639651;417.63547285
96;436.1;2016-02-29 00:00:00;441.30464888;431.55004679;431.55004679;68.95950651;30212.28504225;438.1163174
97;434.00000001;2016-03-01 00:00:00;442.89999999;424.73000001;440;123.50955755;53433.06313699;432.62290139
98;425.98623253;2016-03-02 00:00:00;438.9999999;422.13646503;432.3700057;83.08450474;35872.40546759;431.75807065
99;417.24;2016-03-03 00:00:00;433.89;408.08999991;423.50910522;193.59632347;81434.40448315;420.64024266
100;408.14999999;2016-03-04 00:00:00;437.4944444;393.33;422.499999;192.1003058;79482.19429671;413.7536063
101;392;2016-03-05 00:00:00;410;378.88;400.40000001;331.59550797;129675.78057729;391.06615578
102;407.00000002;2016-03-06 00:00:00;433;378.99;391.999;294.66863098;119132.11979732;404.2918291
103;409.9;2016-03-07 00:00:00;420.02688172;401.7;407.00000002;152.98033287;62823.92444519;410.66667372
104;410.40000001;2016-03-08 00:00:00;415.60594081;402.83042801;409.90000001;116.27557706;47787.9324513;410.98856406
105;404.4;2016-03-09 00:00:00;415;401.00000003;410.40000001;202.33978322;82827.86906176;409.35038944
106;416.60126;2016-03-10 00:00:00;419.9;402.25185002;404;157.25680599;64807.42080052;412.11202524
107;421.1;2016-03-11 00:00:00;424.44475104;413.98;417.3;94.39262269;39582.40035558;419.33785954
108;410.5;2016-03-12 00:00:00;422.06999999;406.57296965;421.09999999;286.70876716;118475.77071643;413.22688486
109;410.79;2016-03-13 00:00:00;416.58836052;403;410.64106349;165.64629278;67860.07352421;409.66853157
110;411.95000001;2016-03-14 00:00:00;420;385;403.88641349;426.0125541;174393.54265204;409.36244947
111;413.49000459;2016-03-15 00:00:00;419.98956999;408.05;413.16000001;79.15230249;32758.04558617;413.86093083
112;418.1;2016-03-16 00:00:00;419.9;409.48402084;413.49000459;96.6490883;39999.95745837;413.86792324
113;418.30999999;2016-03-17 00:00:00;428.85247103;414.5;418.1;176.47793796;74062.69656392;419.67113521
114;404.91999981;2016-03-18 00:00:00;421;395.00010001;418.30999999;364.25437743;149460.46486619;410.3189258
115;404.25730345;2016-03-19 00:00:00;416.795;400;401.02100001;167.77795689;68209.42580957;406.54581253
116;409.98;2016-03-20 00:00:00;415.71129614;404.26;409.22999976;95.72352369;39316.06686728;410.72523609
117;404.36491835;2016-03-21 00:00:00;412.98;402.92;409.00000001;161.16163681;65750.7879139;407.98039294
118;414.99458;2016-03-22 00:00:00;418.59410249;403.96155785;406.56757875;114.68079951;47490.18751185;414.10757262
119;416.6;2016-03-23 00:00:00;423;413.67326001;414.99958;77.66869437;32499.02786897;418.4314946
120;418.8;2016-03-24 00:00:00;423.81442871;414;416.6;136.72118967;57163.65425816;418.10383888
121;416.71542144;2016-03-25 00:00:00;418.88;413.50108799;418.00000001;22.22939281;9248.62912324;416.05405969
122;418.32335169;2016-03-26 00:00:00;420.59117429;413.93;415.47795858;56.18818033;23467.42120272;417.6576117
123;424.0852;2016-03-27 00:00:00;428.99999996;415;415.271;119.85024086;50868.76451029;424.43606408
124;425.39092016;2016-03-28 00:00:00;428.75209124;420;424.1252;113.75665627;48232.4741829;423.99694017
125;416.965;2016-03-29 00:00:00;428.5;410;421.1000001;176.77798206;74052.5605586;418.90149268
126;414.3;2016-03-30 00:00:00;420.499;410;416.965;256.69478938;106608.59953261;415.31267459
127;417;2016-03-31 00:00:00;420.42259642;414.30000001;416.7734024;38.36353744;16043.0095792;418.18379246
128;418.2;2016-04-01 00:00:00;420.04;416.0000001;416.0000001;29.48380466;12339.2326862;418.50883318
129;421.56301498;2016-04-02 00:00:00;424;418.00000001;418.59;162.01592542;68343.11854222;421.82963412
130;423.99899758;2016-04-03 00:00:00;424.5;419.91910001;419.91910001;155.35475697;65653.62855696;422.60455899
131;420.50000777;2016-04-04 00:00:00;423.999;420.2;421.90816998;63.37689377;26764.47646093;422.30653584
132;424.15999996;2016-04-05 00:00:00;425.887;420.20000007;422.80000782;77.29184;32694.42101929;422.99964678
133;422.49957852;2016-04-06 00:00:00;425.938118;420.55;424.15999995;84.33157232;35692.79788744;423.24359555
134;423.99999994;2016-04-07 00:00:00;424.7050012;420.083;422.92250103;47.12197427;19851.51911763;421.27944393
135;419.00010005;2016-04-08 00:00:00;426.5;418;421.96837823;128.15342593;54145.06645227;422.50190394
136;420.5;2016-04-09 00:00:00;426.7;414.140001;419.001;133.58390521;55845.45172203;418.05524126
137;419.71930424;2016-04-10 00:00:00;425;415.1500001;417.62721002;214.64337189;90353.82208384;420.94857757
138;422.75262835;2016-04-11 00:00:00;424.77;419;419.71930424;38.65905706;16320.47263178;422.16427075
139;424.89;2016-04-12 00:00:00;429.98;422.4;423.17538097;164.02084592;69844.33423397;425.82596036
140;425;2016-04-13 00:00:00;427.5;423.24;426.5;68.74591189;29207.16247342;424.85671759
141;427.17996899;2016-04-14 00:00:00;428.999;423.511;424.56576567;82.64670874;35223.39463007;426.19234531
142;430.61709605;2016-04-15 00:00:00;437.30488611;424.81799693;427.1799692;67.30984251;28984.00151681;430.60569503
143;430.85;2016-04-16 00:00:00;436.34562405;429.599999;430.61709605;46.38990099;20080.51611305;432.86395712
144;428;2016-04-17 00:00:00;438.79118705;426;431.43100004;166.8799229;71854.77239978;430.57769413
145;430.31052983;2016-04-18 00:00:00;432.8;427.2;428.81999999;109.02701995;46770.67435812;428.98241536
146;437.93750001;2016-04-19 00:00:00;440.53415106;427.28621864;428.7;69.34843575;30095.27729175;433.97197018
147;443.12202632;2016-04-20 00:00:00;448.54054299;434.15442601;437.93750002;94.50938263;41707.7556308;441.30809524
148;450.79900002;2016-04-21 00:00:00;459.24500033;440.74000012;443.12202632;151.01794161;67739.88195091;448.55519303
149;447.539519;2016-04-22 00:00:00;456.74703717;445.63418304;450.79900455;143.80875081;64890.05616896;451.22467028
150;453.11;2016-04-23 00:00:00;454.82827541;446.62111001;449.28214327;65.19353986;29399.15866886;450.95202273
151;460.90144101;2016-04-24 00:00:00;464.38504995;451;453.11;61.52637365;28173.24466087;457.90517122
152;465;2016-04-25 00:00:00;474.06891535;456.55000001;460.90144101;129.98434483;60588.22044081;466.11936629
153;467.75;2016-04-26 00:00:00;472.47999999;463.223;463.9;105.28796163;49164.7279618;466.95488449
154;443.02499607;2016-04-27 00:00:00;469;443;467.75;232.56947395;105687.34272316;454.43342554
155;451;2016-04-28 00:00:00;451.1;421.91;443.02499607;131.70406006;57940.84010883;439.93207257
156;455.94999999;2016-04-29 00:00:00;484.484;445;451;76.21154141;34717.63027737;455.54294841
157;445.68435605;2016-04-30 00:00:00;456.456;440.01;454.95450011;97.44669036;43524.47236297;446.64905706
158;446.99655141;2016-05-01 00:00:00;455.2;442.0272721;445.68435605;45.49218465;20456.72330922;449.67555342
159;445;2016-05-02 00:00:00;451.19999999;425.9;447.4470001;170.88944266;75384.13459414;441.12809674
160;450.858;2016-05-03 00:00:00;450.9;440.2;445.00000446;50.42562629;22492.52913576;446.05354044
161;449.48999999;2016-05-04 00:00:00;450.858;444.21390929;447.80000029;14.37983552;6435.24781342;447.51887491
162;446.1200002;2016-05-05 00:00:00;451.89;444.54430455;445;44.5570001;19991.11077085;448.66375038
163;461;2016-05-06 00:00:00;463.04787573;444.47999995;446.12000071;67.78024551;30812.34317849;454.59179067
164;457.76002301;2016-05-07 00:00:00;461.9999;455.32799997;459.89000015;54.96595732;25239.04319469;459.17590496
165;459;2016-05-08 00:00:00;463;455.41;457.76002301;31.04076372;14279.29329401;460.01746035
166;463.226;2016-05-09 00:00:00;465.07029999;456.06;459;27.65507914;12764.58349906;461.56380296
167;449.5;2016-05-10 00:00:00;464.8342;449.48999997;460.50000925;62.98709497;28709.13615075;455.79393944
168;450.23617237;2016-05-11 00:00:00;455.71900601;449.48999997;449.5;46.41137434;20983.73112006;452.12475214
169;454.44000449;2016-05-12 00:00:00;455.06;448.09;453.53999998;44.31427048;19977.31893749;450.81006008
170;453.37281795;2016-05-13 00:00:00;457.98;450.13;454.44000904;49.72858601;22561.10049539;453.6847376
171;455.63002825;2016-05-14 00:00:00;457.75;450;453.37281795;59.7035848;27114.7512498;454.15616734
172;459.15690131;2016-05-15 00:00:00;463;454.26416333;455.63002825;58.26292273;26740.77420649;458.96726345
173;453.97511699;2016-05-16 00:00:00;461.979999;450.9;458;102.47215124;46775.17480875;456.46718881
174;450.71421308;2016-05-17 00:00:00;457.96737983;448.99999999;453.97511699;56.38590347;25510.06815936;452.41925001
175;447.98;2016-05-18 00:00:00;456.69;443.80092386;453.5;157.76221069;71102.40400167;450.69350696
176;434.36388823;2016-05-19 00:00:00;454.89813585;432.3333;448.13000001;218.5033574;96675.24782168;442.44284834
177;436.00000437;2016-05-20 00:00:00;444.44444443;422.0071547;432.35;207.05787499;90187.04589928;435.5644329
178;435.35569089;2016-05-21 00:00:00;440;418.17508636;436.00000874;124.8139516;53869.10433339;431.59521546
179;434.17000002;2016-05-22 00:00:00;450;420;435.35569088;117.90630042;51438.68178118;436.26745642
180;441.27;2016-05-23 00:00:00;444.97999999;430.00000001;434.17000002;72.50867382;31745.6864552;437.81915711
181;447.93890015;2016-05-24 00:00:00;449;439.5000001;441.2700006;88.52958773;39450.44406213;445.61874819
182;445.26100055;2016-05-25 00:00:00;453.35;444;446.99;65.09096018;29201.94786133;448.63292507
183;452;2016-05-26 00:00:00;454.95834691;445;449.106;64.96128459;29263.18236875;450.47111604
184;460.00000005;2016-05-27 00:00:00;477.85000015;450.76000448;452;382.30964973;179049.43162271;468.33615565
185;489;2016-05-28 00:00:00;521;461;466.00811494;691.17019229;342700.04829804;495.8258503
186;525.20000331;2016-05-29 00:00:00;551.00000005;480;491;663.08517372;345968.29122804;521.75543194
187;534.5;2016-05-30 00:00:00;542.43419978;522.0149885;529.8419999;327.89399546;174162.68789993;531.15546582
188;529.99999;2016-05-31 00:00:00;549;510.50000001;537.99999998;429.18501472;227226.83487321;529.43795118
189;535.5;2016-06-01 00:00:00;541.99999999;517.28;529.9999999;384.35654924;203694.98466838;529.96361079
190;536.8725;2016-06-02 00:00:00;539.83129126;531.78309789;534.4530179;140.70011462;75318.74626308;535.31403628
191;565.06714367;2016-06-03 00:00:00;579;534.52000018;537;518.94095071;289992.08168272;558.81518173
192;574.49999999;2016-06-04 00:00:00;592.17;560.00000003;565.1171004;457.0467677;263136.44789051;575.73199612
193;577.59999985;2016-06-05 00:00:00;583.5;570;573;138.47603968;79908.90825906;577.05945695
194;584.00999998;2016-06-06 00:00:00;586.01;574.06772283;577.01;158.36248654;92130.47835135;581.76958675
195;576;2016-06-07 00:00:00;589;560.102;584.00999998;282.99521975;163525.70310898;577.83910008
196;583.12345678;2016-06-08 00:00:00;583.12345678;569.1;578;91.16144796;52595.21104132;576.94576181
197;579.96999999;2016-06-09 00:00:00;582.46999999;567.62649842;580.00003756;91.93829262;52841.78115776;574.75269174
198;579.13;2016-06-10 00:00:00;579.99999999;573;576;87.36775788;50429.56938489;577.21029597
199;597;2016-06-11 00:00:00;597;579.13;579.13;158.62078782;93658.1857426;590.45341427
200;666.96500001;2016-06-12 00:00:00;683;594;597;790.68967621;504576.05826483;638.14676407
201;693;2016-06-13 00:00:00;700.64880369;653.57765611;666.96500001;1049.59073721;716875.95441873;683.00522194
202;674;2016-06-14 00:00:00;698.9;585;691.99999999;1563.54317246;1013464.8695996;648.1847687
203;691.999;2016-06-15 00:00:00;697.546;662.33;672.54241495;552.39276594;375147.26561355;679.13138756
204;764;2016-06-16 00:00:00;774.767;690.50989865;691.999;1440.85467158;1064094.8533995;738.5164336
205;747;2016-06-17 00:00:00;770.99999999;687.01;764;3199.00935543;2372250.7186427;741.55791842
206;757.89000001;2016-06-18 00:00:00;788.899999;705;747.00000001;2026.11889343;1518681.2809665;749.55190728
207;763.419;2016-06-19 00:00:00;775;741.019;757.89000001;820.01911973;622609.84965282;759.26260092
208;728.99999999;2016-06-20 00:00:00;767;720.1;763.41899999;1305.18652467;965227.01347185;739.53185634
209;668.50015;2016-06-21 00:00:00;727.37099934;639.7;723;3309.32128831;2234073.8425834;675.08520568
210;592.296;2016-06-22 00:00:00;700.68280717;580;667.909;2725.91751711;1758227.105393;645.00378105
211;634.67;2016-06-23 00:00:00;649;555.1;592.296;3070.25109265;1827667.6445977;595.28279265
212;660;2016-06-24 00:00:00;687.48000001;630.50000012;634.67;2407.40093619;1596492.1842475;663.16007452
213;663.45016787;2016-06-25 00:00:00;710.00000001;640.02000001;665;1414.40992374;953516.81540185;674.14460221
214;630;2016-06-26 00:00:00;671.86199999;616.3810001;668.693;805.81397612;513858.37816416;637.68858991
215;656.66666666;2016-06-27 00:00:00;656.66666666;621.01;630;562.70072908;360764.61106568;641.13052004
216;649.48524687;2016-06-28 00:00:00;661.19993856;638;656.66666666;745.39112278;482132.01022492;646.81748345
217;637.5;2016-06-29 00:00:00;648.62251249;616.6;648.43799993;634.69195055;401964.62064057;633.32238622
218;675.50000002;2016-06-30 00:00:00;683.22;633.00000001;637.34850013;865.93295366;575967.80298964;665.1413375
219;677;2016-07-01 00:00:00;690.32099999;666.7459996;671;715.84117518;484663.10209184;677.05395958
220;705;2016-07-02 00:00:00;707.06764424;674;674.89989999;459.62762277;318780.03916881;693.56153411
221;657.28399283;2016-07-03 00:00:00;706.99;641.51;705;841.62281802;563630.90353567;669.69536883
222;677.30000001;2016-07-04 00:00:00;681.99999999;635;661.00437;1043.23028367;690804.38955522;662.17823654
223;669.41998679;2016-07-05 00:00:00;681.99999999;660;681.79999999;565.40313393;378608.23601473;669.62528732
224;677;2016-07-06 00:00:00;680.63300012;665.00300536;665.00300536;333.98279785;224417.56576945;671.94348695
225;638.6;2016-07-07 00:00:00;680.6;594;676.07599998;1697.16892043;1068913.7977128;629.82169001
226;667.00000001;2016-07-08 00:00:00;667.00000001;634.2;638.601;824.81441151;538638.54894403;653.04211641
227;651.99999989;2016-07-09 00:00:00;669.65;623;665.001;916.99306359;593459.47623218;647.17989676
228;648.53100024;2016-07-10 00:00:00;652;638;651.99999991;262.45098476;169653.32029482;646.41906544
229;648.02000649;2016-07-11 00:00:00;664.48;645.0131;650;560.19893727;366451.59615726;654.14546829
230;666.66666666;2016-07-12 00:00:00;678;645;648.02000649;483.52709452;321271.44365402;664.43317715
231;657.24999998;2016-07-13 00:00:00;672.06099999;654;666.66666702;313.05464546;207745.44389853;663.60760624
232;659.50978497;2016-07-14 00:00:00;669.9;651;655.24999998;330.57023745;218290.45754725;660.34516365
233;665.96077199;2016-07-15 00:00:00;677.98;658;659.51;297.5036666;198798.39342965;668.22165824
234;667.47426499;2016-07-16 00:00:00;672.8;659.95;668.39999987;222.13474063;148182.88447273;667.08558982
235;685;2016-07-17 00:00:00;690;664.00000051;666.57426402;239.09733696;162614.5747232;680.1187198
236;676.953;2016-07-18 00:00:00;686.68699479;668.325;685;552.53154645;375811.84732583;680.16360285
237;676.49999989;2016-07-19 00:00:00;677.90999481;667.90000001;676.953;356.91403712;240125.97655618;672.78378427
238;667.23788745;2016-07-20 00:00:00;677.41999477;661.55500001;676.33999481;266.79049261;178461.82072876;668.92121598
239;663.98300519;2016-07-21 00:00:00;669.00298217;659.86262502;666.1200052;176.52830507;117382.71862675;664.95125855
240;646.75499481;2016-07-22 00:00:00;670;641.30499564;664.01000519;575.18219186;376350.814651;654.3158324
241;656.6399948;2016-07-23 00:00:00;658.21735;644.1210053;647.595;277.61680107;181302.3808553;653.06703397
242;664.49999833;2016-07-24 00:00:00;667.09096814;651;654;611.15392551;402297.46062976;658.25881801
243;653;2016-07-25 00:00:00;664.99999999;650.37997536;664.99999999;271.77073578;178546.50988444;656.97474517
244;655.08851717;2016-07-26 00:00:00;662.01070364;639.51;653;1012.48040229;660817.33277904;652.67172706
245;657.99999999;2016-07-27 00:00:00;661.000009;642;651.66600519;360.24212884;234900.37798894;652.06248571
246;656.34100519;2016-07-28 00:00:00;659.5;654.00000013;656.30001;68.12092341;44842.00640919;658.27067756
247;657.99001516;2016-07-29 00:00:00;661.94;653.56999481;658.1;150.05783738;98827.36706817;658.59517099
248;656.42000519;2016-07-30 00:00:00;661.21999466;652.001;661.21999466;127.84586698;83940.54391403;656.5761248
249;624.84499481;2016-07-31 00:00:00;656.74701;616.88400325;656.42000519;819.67132779;518136.66642903;632.12735258
250;610.04999481;2016-08-01 00:00:00;630.04001521;602.07155041;621.11001143;1569.86925935;967261.73222139;616.14158405
251;531.60000008;2016-08-02 00:00:00;616.7439333;462.94999479;605.01000519;5789.94801714;3248971.6025291;561.14002973
252;566.18900527;2016-08-03 00:00:00;590;511.073869;531.60000008;3918.62275951;2149258.2379152;548.47286146
253;581.04100001;2016-08-04 00:00:00;595.34100603;566.22900523;566.22900523;1793.3872692;1041142.548837;580.54529923
254;574.75600001;2016-08-05 00:00:00;584.97999998;569.000031;581.04101016;543.05066428;312077.75230956;574.6752059
255;582.53300002;2016-08-06 00:00:00;592.001;563.001;574.99999999;912.93252935;524834.19440544;574.88826121
256;602.00004615;2016-08-07 00:00:00;625;584.86400001;586.31999465;1176.3525672;704568.22283066;598.9430741
257;597.99999899;2016-08-08 00:00:00;613.34653466;591.78361695;602.00005616;583.29438035;348890.6146654;598.13813816
258;602.00001069;2016-08-09 00:00:00;625.29967988;586.0000005;597.99999898;1435.87725588;864945.24066901;602.38104415
259;594.68600519;2016-08-10 00:00:00;619;590.00000001;602.00001067;1193.25658195;722794.02353432;605.73227457
260;589.24000523;2016-08-11 00:00:00;605.51249999;585.03;597.88499477;968.8622086;576238.32334481;594.75776661
261;587.04601803;2016-08-12 00:00:00;603.21;582.6286338;589.01000077;745.78821991;439698.10930945;589.57502622
262;583.53000526;2016-08-13 00:00:00;592.01916177;583.1;587.04601803;306.96196543;180267.94500036;587.26476014
263;567.998863;2016-08-14 00:00:00;585.60598364;561.0001;585.60598364;1069.31334625;611289.63355801;571.66557931
264;565.7999886;2016-08-15 00:00:00;598.875;561.01000001;567.998863;752.80530171;429359.66774121;570.34623263
265;576.52023523;2016-08-16 00:00:00;583.88999998;561.97999991;563.72220595;623.16977288;358097.22303074;574.63830662
266;574.85998412;2016-08-17 00:00:00;580;566;576.52023522;466.28065546;266777.14028508;572.13855466
267;576.4709936;2016-08-18 00:00:00;578.201;566;572.28900521;419.82414975;240698.904387;573.33267876
268;575.99006035;2016-08-19 00:00:00;576.97628147;562.98575308;575.72953481;361.28474151;206821.74982274;572.46190071
269;581.99999999;2016-08-20 00:00:00;584.0510751;570.31156601;575.00000111;353.69837601;204748.51369479;578.87886284
270;580.87500552;2016-08-21 00:00:00;585.05;580.20000001;581.99999999;180.00188506;104998.96939323;583.32149887
271;588.38599481;2016-08-22 00:00:00;594.98999999;578;580.87500552;850.02600646;499539.89856771;587.67601787
272;585.03999477;2016-08-23 00:00:00;595;580.1;585.26300519;871.52429138;510550.87039172;585.8137007
273;583;2016-08-24 00:00:00;589.81064312;578.50000001;585.03999477;424.07547637;247364.41754043;583.30281123
274;575.78999591;2016-08-25 00:00:00;582.9899867;572.99999999;580.38000747;478.64582524;275660.25270053;575.91696859
275;578.97999795;2016-08-26 00:00:00;585.92252841;574.05000008;575.00000122;480.00829163;277381.46506157;577.86806998
276;572.35799479;2016-08-27 00:00:00;578.97999786;565.00000002;577.70001024;514.86755849;294008.561742;571.03726364
277;574.1719607;2016-08-28 00:00:00;577.71735618;562.98575308;571.89799481;1075.11388176;614303.30420393;571.38440366
278;573.6960052;2016-08-29 00:00:00;589;570.6650052;574.17196075;1526.1620912;879169.92209996;576.06588918
279;579.96000001;2016-08-30 00:00:00;584.31999999;572.42180328;576.79999407;578.27809345;334361.12129914;578.20125833
280;573.81003125;2016-08-31 00:00:00;581.83825636;572.02874947;581.17;586.90744893;338189.67664701;576.2231801
281;574.34090776;2016-09-01 00:00:00;577.57754404;570.16069518;573.81003398;644.05593951;369562.63090024;573.80517472
282;576.01000003;2016-09-02 00:00:00;598.61000177;570;574.34090776;989.52248879;570336.41129238;576.37539091
283;610.41999481;2016-09-03 00:00:00;614.99799999;560.33;578.22741293;2140.82335192;1252396.3845254;585.00687756
284;610.65;2016-09-04 00:00:00;620;600;608.00000045;1087.86456275;664441.5109972;610.77594927
285;610.10000541;2016-09-05 00:00:00;615;603.30830002;613.45999479;1093.86838666;665842.37937781;608.70428974
286;614.74713894;2016-09-06 00:00:00;616.9;608;611.41062641;686.73928561;421109.8418378;613.20191033
287;619.72886368;2016-09-07 00:00:00;623.9;609.726108;615.85017282;957.01044626;591237.2764883;617.79605311
288;634.26777916;2016-09-08 00:00:00;635.6916378;615.33010519;619.02213382;651.34907126;409016.24861557;627.95245539
289;627.00000002;2016-09-09 00:00:00;634.8999947;621.1;632.34000001;474.77553379;297066.86814298;625.69961381
290;627.99998771;2016-09-10 00:00:00;630;623.30000021;627.00000002;188.75011188;118418.74856049;627.38372645
291;610.51369403;2016-09-11 00:00:00;635.95;591.66395154;627.99998771;853.29580007;526386.42356186;616.88622341
292;611.99999999;2016-09-12 00:00:00;618;607.43117447;610.51369335;611.68300787;374215.31610929;611.7798129
293;614.00100015;2016-09-13 00:00:00;620.6;608.4;611.99999999;728.94323555;447833.11665427;614.3593833
294;615.59957393;2016-09-14 00:00:00;618.30045086;612.55;614.00100015;370.12343326;227947.75185436;615.86954883
295;612.6;2016-09-15 00:00:00;616.62578322;609;613.10901111;526.18654014;322701.37031769;613.28320985
296;608.47603904;2016-09-16 00:00:00;614.48979942;608;612.6;379.61371935;232030.92939536;611.22904038
297;608.99999997;2016-09-17 00:00:00;612.01975329;605.99999359;610.46602794;209.73924066;127673.80353956;608.72635534
298;612.35478011;2016-09-18 00:00:00;617.47;606.89544201;608.99999999;303.05495554;185760.76909168;612.96067164
299;609.00000008;2016-09-19 00:00:00;614.71983807;608.12198402;613.99999484;294.70989486;180273.75970092;611.69903978
300;603;2016-09-20 00:00:00;616.98079117;603;609.00000001;807.33766498;493177.6361842;610.86910418
301;597.49999999;2016-09-21 00:00:00;605.50918039;593.2;603;683.74264976;409252.44123803;598.54748183
302;597.15000008;2016-09-22 00:00:00;600;595.02200012;597.49999999;432.29364731;258328.09971823;597.57551684
303;604.1449957;2016-09-23 00:00:00;605.31364962;596.1489746;597.15000008;609.59644794;366227.04318889;600.76964757
304;603.79999964;2016-09-24 00:00:00;608;602;604.1449957;224.47541298;135880.1672356;605.32316404
305;601.89673437;2016-09-25 00:00:00;605;598.68232627;603.02468725;148.247415;89145.62463227;601.33004432
306;607.80651197;2016-09-26 00:00:00;610;600.34170207;601.49999997;325.32903917;197249.52357375;606.3077679
307;606.04401133;2016-09-27 00:00:00;610.94593703;603.02469015;609.99999589;289.62300686;175943.48845669;607.49140879
308;604.20000002;2016-09-28 00:00:00;607.24597648;603.17306638;606.61782325;172.92464119;104636.81827439;605.10068174
309;607.39999791;2016-09-29 00:00:00;608.7;604.2;604.20000002;180.60552769;109545.96595032;606.54824551
310;611.5050501;2016-09-30 00:00:00;612;605.00050011;607.26333193;225.22352949;136738.12111239;607.12182879
311;613.62569006;2016-10-01 00:00:00;616.99999999;610.90421062;611.50505008;289.41726708;178032.64097111;615.141739
312;611.66651183;2016-10-02 00:00:00;615.66734371;607.50050313;615.32319552;208.78501221;127511.5105981;610.73114994
313;612.99999628;2016-10-03 00:00:00;614.85;609.17596586;611.34805554;248.47801404;152064.09267578;611.98208325
314;612.26038093;2016-10-04 00:00:00;613.78464703;608.58724194;611.44150158;221.1622791;135190.05309981;611.27084442
315;613.05897033;2016-10-05 00:00:00;616.99999999;608.58704168;612.26038076;481.57551907;295410.21837351;613.42449247
316;614.00957436;2016-10-06 00:00:00;616.35952319;611.51469128;613.05897033;342.5097115;210280.96484423;613.94161328
317;617.53312308;2016-10-07 00:00:00;621.88716005;611.2;612.20060007;255.13995928;157596.36290983;617.68592953
318;620.49000058;2016-10-08 00:00:00;623.72135462;617.00000001;619.86992;249.38985092;154673.92444533;620.2093785
319;617.00000001;2016-10-09 00:00:00;621.32345625;615.5562341;621.29999998;233.38228254;144299.04030983;618.29475116
320;618.75470275;2016-10-10 00:00:00;621.329;615.55726872;617.1;266.54652913;164969.39432048;618.91405924
321;642.96999999;2016-10-11 00:00:00;643.5;618.25000002;619.99996996;967.40268561;615160.31910817;635.88857903
322;636.00050012;2016-10-12 00:00:00;643.99999999;635.1;640.11000232;351.83647695;224711.81617849;638.68254402
323;639.37842931;2016-10-13 00:00:00;642.65;635.20012345;636.0103;229.44503537;146657.17331893;639.18216004
324;640;2016-10-14 00:00:00;642.7128;635.76290167;639.15772223;179.25184835;114740.43466096;640.10740038
325;640.99999999;2016-10-15 00:00:00;646;639;639.999999;166.68728429;107106.06479872;642.55690081
326;644.4626621;2016-10-16 00:00:00;646.6;639.75980949;640.99999999;244.13720205;157178.59768438;643.81256262
327;640.60279395;2016-10-17 00:00:00;646.6;639.000001;642.27598394;825.94893358;531398.45134324;643.37930559
328;637;2016-10-18 00:00:00;641.99999998;631.80876656;640.59878151;189.1108184;120703.9519177;638.27100394
329;632.53240637;2016-10-19 00:00:00;641.94485909;626.05;637;365.85051912;231553.26171886;632.91767981
330;633.64964643;2016-10-20 00:00:00;636.18943575;626.91;631.97998091;161.57263779;102001.98492524;631.30729509
331;632.88658111;2016-10-21 00:00:00;637.16989999;630.48413396;633.64703413;106.40168064;67531.88181105;634.68811211
332;663;2016-10-22 00:00:00;670.87468175;632.56031148;633.6;602.04565997;396924.45344407;659.29294044
333;658;2016-10-23 00:00:00;669.02920717;655.01000003;662.70484868;327.0659407;216651.44499727;662.40906813
334;655.6;2016-10-24 00:00:00;659.37826053;653;658;115.26715532;75592.35476123;655.80133865
335;658.48960538;2016-10-25 00:00:00;666;652.96513003;655.00000001;353.11181419;233041.77911723;659.96596475
336;677.75246256;2016-10-26 00:00:00;685.58889338;658.01810158;660.80550202;606.17303555;407044.62690663;671.4990655
337;688.90999999;2016-10-27 00:00:00;689;675.1;677.75246256;607.77701844;415024.86753744;682.85712513
338;692.69796292;2016-10-28 00:00:00;695;683.27333681;688.37474674;675.20471531;465447.39862917;689.3426365
339;713.14687271;2016-10-29 00:00:00;724.5360206;691.23743598;692.39331469;1447.85408867;1027083.2714664;709.38313432
340;702.10000142;2016-10-30 00:00:00;716.21000062;695.14000258;713.15687271;966.35236995;682354.9917384;706.11405627
341;702.70116079;2016-10-31 00:00:00;712.03122342;688;702.10000141;872.53756489;611620.33793933;700.96734232
342;734.96999879;2016-11-01 00:00:00;744.60000001;700;702.7011555;1474.37313888;1075941.3457445;729.76190176
343;747.79999999;2016-11-02 00:00:00;748.9;723.86556408;734.88999996;677.05041089;495284.05693187;731.53202326
344;690.777557;2016-11-03 00:00:00;751.002387;674.1323;747.8;2129.0252808;1514572.967766;711.39266472
345;708.73999977;2016-11-04 00:00:00;712.83600687;684.44742857;690.777557;642.57443625;449322.54825664;699.25369406
346;709.02999479;2016-11-05 00:00:00;711.8;700;705.54914936;361.89662102;255763.89081467;706.7319117
347;712.37936;2016-11-06 00:00:00;721.90579101;701.35;708.99999947;590.37049248;420875.97907032;712.90144821
348;705.453;2016-11-07 00:00:00;714.99999751;698.91028213;712.37935984;375.16801268;264740.29015671;705.65794846
349;713.1480179;2016-11-08 00:00:00;716;702.68039594;705.478;537.60422529;381995.64864273;710.55179753
350;723.49652225;2016-11-09 00:00:00;743.12345678;709.42981963;713.1480179;1496.67035717;1091849.5342245;729.51904806
351;716.89999719;2016-11-10 00:00:00;727.07499999;710.01;724.9999457;458.50487954;328712.59789478;716.92279092
352;718.70645592;2016-11-11 00:00:00;722.85815314;709.60421896;716.89999659;441.35604731;316613.37604502;717.36498904
353;705.0429297;2016-11-12 00:00:00;720;699.07659926;718.70645592;438.12680476;310152.97434131;707.90686844
354;700.10507388;2016-11-13 00:00:00;706.99999041;681.7228;705.0429297;789.79110255;548329.64844762;694.27174689
355;707.35;2016-11-14 00:00:00;710.73657611;695;702.23999999;360.13639035;253720.71418093;704.5128484
356;710.3;2016-11-15 00:00:00;717.90021102;705.42398115;705.46838108;310.48597246;221195.89030656;712.41830525
357;743.42655325;2016-11-16 00:00:00;751.002387;709.05;713;1058.45145533;777829.39066716;734.8748842
358;739.5;2016-11-17 00:00:00;757.00695209;735;743.43000001;824.91851001;615579.43548796;746.23060098
359;752.2;2016-11-18 00:00:00;755;734.1;739.5;423.4293858;316235.07363038;746.84252967
360;750.92000083;2016-11-19 00:00:00;759;740;752.2;313.3885995;235718.4358395;752.16021328
361;732.00000001;2016-11-20 00:00:00;757;715.65000002;750.92000083;704.18108;518551.70084572;736.38970937
362;738.60300615;2016-11-21 00:00:00;742.68668396;730;733.97639343;173.77797354;128153.50962135;737.45542666
363;748.17379309;2016-11-22 00:00:00;751;731.58575284;740;481.77035886;357743.61596903;742.5604531
364;739.31710591;2016-11-23 00:00:00;751;731.00000001;749.99999942;454.698672;336861.3973458;740.84535119
365;737.70763551;2016-11-24 00:00:00;745.00766316;728.28980075;742.35948016;451.65488261;332450.55241014;736.0720878
366;740.2053982;2016-11-25 00:00:00;740.2053982;731.000002;737.70763551;279.01155004;205491.77469241;736.4991688
367;733.5;2016-11-26 00:00:00;743;722.11138261;740.2053982;300.32947959;220043.15958653;732.6725298
368;729.72890417;2016-11-27 00:00:00;738.020211;727.00000001;733.0331055;205.1016707;150402.29921818;733.30606574
369;731.31003027;2016-11-28 00:00:00;735.83998546;727.5;727.50000001;158.17380291;115833.08435189;732.3152268
370;731.2;2016-11-29 00:00:00;735.35;728.1044379;732.03938313;250.84377181;183662.22804274;732.17774839
371;738.5;2016-11-30 00:00:00;745.17857021;727.89328149;730.41813611;335.31664243;247364.19801423;737.70331296
372;755;2016-12-01 00:00:00;755;738.91291171;741.65669308;398.83877519;298924.97925776;749.48825904
373;775.72553148;2016-12-02 00:00:00;782.43814906;753.35383601;755;886.31828537;681502.6531367;768.91412981
374;764.25973783;2016-12-03 00:00:00;776.77583641;756.77694722;775.72553148;280.95427717;215171.17470712;765.85833422
375;771.79799933;2016-12-04 00:00:00;772.5;761.97280902;767.51537252;191.94113753;147413.03580885;768.01168163
376;753.3400001;2016-12-05 00:00:00;772.963;747;771.79799904;730.85653245;552583.81949421;756.07700685
377;758.21022346;2016-12-06 00:00:00;763.51700987;748.87310374;753.49999593;871.67827635;659929.99765167;757.07977995
378;766.08939045;2016-12-07 00:00:00;770.5;753;757.81649032;403.45462994;307676.74539652;762.60556346
379;768.52004359;2016-12-08 00:00:00;773;760;766.06890174;233.94540474;179679.54892006;768.04051406
380;769.22;2016-12-09 00:00:00;774;765.59723565;767.50000008;170.39039999;131317.73087181;770.68737956
381;774.97999209;2016-12-10 00:00:00;776;769.1741091;771.95860026;150.14004625;116041.50607748;772.88843966
382;768;2016-12-11 00:00:00;774.97999993;753.25670245;773.5;420.63638434;321391.5481194;764.06026697
383;779.09999996;2016-12-12 00:00:00;780;767.47912171;768;351.40013836;272349.94501553;775.04222476
384;776.60000001;2016-12-13 00:00:00;786.70933342;766.52;778.88888888;370.81657267;288850.61484197;778.95821311
385;777;2016-12-14 00:00:00;781.99800122;773.19018763;776.60000001;205.38581532;159777.67044361;777.93916875
386;777.00427907;2016-12-15 00:00:00;781.99800089;776.00001001;778.33748831;137.18435196;106829.10901279;778.72663672
387;782.32000001;2016-12-16 00:00:00;784.7850419;774;777.00427907;168.71410359;131496.90174501;779.4066942
388;794.12969577;2016-12-17 00:00:00;794.12969878;781.36038303;782.32000001;261.77228099;206571.50523606;789.12673433
389;789.30083165;2016-12-18 00:00:00;795;785.50168337;794.12969576;160.1156845;126332.60814694;789.0083257
390;793.17870645;2016-12-19 00:00:00;794.999999;786;789.5;228.15702949;180525.45908135;791.23338643
391;801.99499865;2016-12-20 00:00:00;804.03440219;789.49985085;792.78692173;353.14959194;281043.61953672;795.8203151
392;828.99;2016-12-21 00:00:00;829.99626099;796.91935265;800.07815395;650.08937127;531600.06039932;817.73381306
393;860.79999999;2016-12-22 00:00:00;869;826.224;828.99;921.47210442;784872.18662461;851.75903085
394;918.90561655;2016-12-23 00:00:00;920;841.89484999;860.49999999;2002.5328261;1787126.8542354;892.43323801
395;893.60966646;2016-12-24 00:00:00;918.90561637;880;917.00000009;923.63274762;828606.1838204;897.11650648
396;896.35444823;2016-12-25 00:00:00;899.48946432;850.88369341;893.54640164;1590.47987163;1391652.2947241;874.98893858
397;902;2016-12-26 00:00:00;916.48999999;886.3237195;895.99;893.72896465;807680.43774602;903.71966188
398;933.9368203;2016-12-27 00:00:00;939.98603;899.28789852;904.35;1251.51091696;1161298.0387156;927.91682675
399;980.5;2016-12-28 00:00:00;984.49999999;932.52200217;933.99289512;1765.90961499;1697988.8175672;961.53778378
400;974.75099999;2016-12-29 00:00:00;983.53352975;950.48662063;980.24135135;1441.84442116;1397035.0881137;968.92221352
401;958.94500534;2016-12-30 00:00:00;977;925.4;971.10000019;1608.27541316;1526415.6804604;949.10092386
402;966.17368384;2016-12-31 00:00:00;967.51;946;958.94500534;427.24617821;408137.76637232;955.27540604
403;999.36463982;2017-01-01 00:00:00;1008.54999326;957.02;965.00000055;1207.33863593;1196868.2615889;991.32772361
404;1019.00000076;2017-01-02 00:00:00;1034.32896003;994.00000044;999.92218873;1818.58703006;1847781.3863449;1016.0533182
405;1037.1;2017-01-03 00:00:00;1042.02336482;1010;1019.00000076;1337.77121326;1367241.145063;1022.02912688
406;1136;2017-01-04 00:00:00;1148;1035.9006986;1037.1;3778.22776354;4139509.1591641;1095.6219207
407;998.8;2017-01-05 00:00:00;1159.103;882.01;1134.10000001;9567.93438544;9624745.136866;1005.93761925
408;896;2017-01-06 00:00:00;1024.88;870;998.8;6225.01903437;5718737.7427937;918.66992072
409;907.19047915;2017-01-07 00:00:00;910.8275191;818.45971802;896;5134.10070398;4446078.05007;865.98964578
410;916;2017-01-08 00:00:00;939.65955395;891.1;907;2954.8408452;2712345.5780679;917.93288375
411;902;2017-01-09 00:00:00;916.41833046;880;916.41832969;1743.42476903;1561326.5181909;895.55141462
412;907.1;2017-01-10 00:00:00;915.83230945;898;903.00000001;862.98518534;783912.57744492;908.37315722
413;781.81160101;2017-01-11 00:00:00;927.82810365;751;907.92945179;7934.39754847;6522541.3315688;822.05880052
414;803.6952791;2017-01-12 00:00:00;832.87989967;752.0102;781.85160104;3910.82414915;3077949.3504498;787.03343158
415;826;2017-01-13 00:00:00;830.59290797;776.02899497;805.00000361;2488.40324743;2009714.1107619;807.63200772
416;817.47703098;2017-01-14 00:00:00;836.04000001;801.97500223;827;1348.38778314;1110991.2121731;823.94043172
417;818.7012449;2017-01-15 00:00:00;823.498;805;817.47703099;899.25918519;732380.16398741;814.42611434
418;829.00000001;2017-01-16 00:00:00;834.15680536;816;818.762;779.12020498;643792.21530256;826.30666126
419;902.70000066;2017-01-17 00:00:00;908.53017772;827.75970935;829.00000001;3037.14221337;2679383.2936977;882.20541069
420;886.20000033;2017-01-18 00:00:00;912;850;902.27579339;2225.51448717;1959863.3497482;880.63383143
421;900.23240036;2017-01-19 00:00:00;906.999999;883.3;886.20000054;1361.92585351;1219112.3879597;895.13858982
422;895;2017-01-20 00:00:00;902.42999999;882.5432;900.30000001;940.82405676;841765.1320593;894.71046792
423;925.70599998;2017-01-21 00:00:00;928.51849391;894.00000001;895.09971139;1522.35825273;1397883.9921076;918.2358946
424;924.11939955;2017-01-22 00:00:00;939.06071045;894.10010012;925.70599998;1706.43442891;1567170.0554924;918.38867579
425;912.22165;2017-01-23 00:00:00;927.2351;912.22165;923.99;1550.69061842;1425305.1990417;919.14220806
426;885.00000008;2017-01-24 00:00:00;923;884.281;912.22165;2382.92736589;2149635.0546418;902.098438
427;892.66777263;2017-01-25 00:00:00;899.99;882.08;885.10000044;1064.25663454;948855.91472975;891.56683072
428;914.09767069;2017-01-26 00:00:00;918;892.66777263;892.66777263;1099.56863718;997564.75311133;907.23281783
429;917.02745093;2017-01-27 00:00:00;921.65;907.8;916.00000001;852.67093534;781208.90448862;916.19037557
430;918.58600386;2017-01-28 00:00:00;926;909.9873;917.43677492;900.64556252;828333.82823408;919.71121904
431;914.9998;2017-01-29 00:00:00;923;911.86040584;918.99000001;406.00077708;372564.31351804;917.64433604
432;918;2017-01-30 00:00:00;920;911.16052226;913;357.18802099;327532.95255875;916.97630746
433;967.12176383;2017-01-31 00:00:00;970;916.75;919.1191873;1740.49804278;1647534.6170477;946.58803201
434;983;2017-02-01 00:00:00;986;955.4;967.75582245;1700.02729787;1644502.3348428;967.3387815
435;1007.99699708;2017-02-02 00:00:00;1009.999999;968.2776983;983;2253.14242214;2242695.7436829;995.36350727
436;1015.04315425;2017-02-03 00:00:00;1023;989;1007.99699708;1947.59662894;1960600.2894197;1006.67677294
437;1032.95;2017-02-04 00:00:00;1040;1002.23999999;1015.87273408;1550.46454947;1587073.4294643;1023.61155565
438;1010;2017-02-05 00:00:00;1034;999;1033;1426.32188471;1448222.4411524;1015.35456805
439;1021.20000021;2017-02-06 00:00:00;1025;1007.30000001;1008.57261956;550.63749243;560751.24025699;1018.36734324
440;1052.00000003;2017-02-07 00:00:00;1055.29399983;1020.60000001;1022.69999279;1056.14827224;1102651.502685;1044.03096768
441;1050.98999999;2017-02-08 00:00:00;1069.06999999;1015;1052.00000003;2055.26844068;2142753.4290729;1042.56621016
442;987.00000001;2017-02-09 00:00:00;1077.99999998;898.18028762;1050.6;7100.03482906;6958597.5427829;980.07935317
443;995.29110341;2017-02-10 00:00:00;1004.99;901.99999995;988.23458713;2557.24419392;2487858.5801233;972.86703633
444;1000.50000023;2017-02-11 00:00:00;1010;984.1;994;1136.5816038;1135899.4264698;999.39979907
445;996.50000001;2017-02-12 00:00:00;1005;991.57565803;1000.50000023;621.74448496;621557.99590675;999.70005515
446;995.11000001;2017-02-13 00:00:00;1004.20000001;975.85416898;996.50000001;865.49527485;857268.01021427;990.49415418
447;1012.10000524;2017-02-14 00:00:00;1019;988.91109699;995.11;1198.54234738;1207110.3803025;1007.14871104
448;1014.83589839;2017-02-15 00:00:00;1018;1002.32721451;1011.19293063;674.17299834;680988.27254322;1010.10908805
449;1039.49925987;2017-02-16 00:00:00;1045;1011.6;1011.6;934.66209822;964262.69031022;1031.66983249
450;1053.67070767;2017-02-17 00:00:00;1063.58;1035.00000001;1039.49925949;1247.8330214;1311452.8862116;1050.98427731
451;1057.7862231;2017-02-18 00:00:00;1070;1051.11500341;1055.11944577;863.59005814;919652.58777619;1064.9179887
452;1058.17262239;2017-02-19 00:00:00;1066.19785215;1045.00000001;1059.219;670.68798723;707934.47204595;1055.53474271
453;1094.71027735;2017-02-20 00:00:00;1095;1040.00755062;1058.08301527;1302.62813183;1387040.9288178;1064.80191462
454;1127;2017-02-21 00:00:00;1133.55363963;1083.333;1092.24051989;2402.6066097;2656343.1489539;1105.60885757
455;1126;2017-02-22 00:00:00;1138.9786543;1108.55;1126.99999999;1051.74868712;1182696.1070597;1124.50447672
456;1188;2017-02-23 00:00:00;1195;1120;1126.49999999;1672.24795974;1936980.772604;1158.30954453
457;1188.11048987;2017-02-24 00:00:00;1225;1107.51;1186.16100001;5970.28798757;7018124.0659106;1175.50846467
458;1153;2017-02-25 00:00:00;1191.116;1129;1188.11048987;2273.42629508;2634468.543102;1158.80974404
459;1179;2017-02-26 00:00:00;1189;1134;1153;1040.93826679;1216121.1929504;1168.29329053
460;1192.2;2017-02-27 00:00:00;1199;1171.37648778;1179;1224.77468844;1453567.9543164;1186.80437147
461;1185.00000201;2017-02-28 00:00:00;1208.092;1178.11;1196.48999991;1818.14036259;2167634.1192595;1192.22594903
462;1234;2017-03-01 00:00:00;1234.48999999;1183.0000001;1188.04216581;2703.65627659;3283736.1922137;1214.55386938
463;1258.43;2017-03-02 00:00:00;1279.50000001;1212.26243937;1231.17972735;4799.13259462;5983817.1276341;1246.85388654
464;1287.95000001;2017-03-03 00:00:00;1294.97999998;1252.50000002;1258.45;3597.79249619;4588433.685983;1275.34694978
465;1267.99999982;2017-03-04 00:00:00;1291.53675867;1235;1287.00000002;2826.99209301;3571027.4701457;1263.18976235
466;1276.00290001;2017-03-05 00:00:00;1280;1241.0899;1261.30000071;1848.81702453;2335489.4368149;1263.23449309
467;1274.3162846;2017-03-06 00:00:00;1287;1267.75010435;1279.87999997;1478.48495886;1890269.727893;1278.51806443
468;1231.26;2017-03-07 00:00:00;1282;1169.05515973;1274.69300001;4895.53802606;6024888.0375216;1230.68966177
469;1146.00000025;2017-03-08 00:00:00;1243.64892872;1143.00000021;1231.250001;5567.3610132;6603168.4357802;1186.04998312
470;1192.91479877;2017-03-09 00:00:00;1210;1135;1146.40800021;4328.40339445;5097344.1165313;1177.64996743
471;1113;2017-03-10 00:00:00;1365;1000;1192.91479876;15499.51578906;18086024.287537;1166.87672916
472;1175.00999951;2017-03-11 00:00:00;1200.00000001;1105;1109.99999989;6674.53949104;7782516.5421708;1166.00052372
473;1224.4;2017-03-12 00:00:00;1232.3;1166.72254864;1174;4756.8395843;5703290.3993873;1198.9663091
474;1237;2017-03-13 00:00:00;1249.00000004;1171;1224.4;7321.33073175;8987304.3675635;1227.55065941
475;1243.22313985;2017-03-14 00:00:00;1260;1220.5;1236.99999999;3513.58428064;4361732.4270018;1241.39114892
476;1255.0099998;2017-03-15 00:00:00;1267.51000001;1241.58999971;1247.94999989;4005.00351838;5010240.605003;1250.99530674
477;1166;2017-03-16 00:00:00;1265.20000004;1119.31;1255.1099998;12126.03075227;14513281.784091;1196.86994702
478;1070;2017-03-17 00:00:00;1173.99999969;1052;1166;15941.24577772;17732666.664374;1112.37646741
479;966.00000029;2017-03-18 00:00:00;1095.07999999;935;1070;19991.051024;20086872.733984;1004.79323022
480;1015.1;2017-03-19 00:00:00;1063.456;965.00000003;971.29066;12050.74329652;12207329.511626;1012.99390512
481;1036.88000006;2017-03-20 00:00:00;1053.49999998;1010;1014;5417.55364473;5606782.1918047;1034.92878141
482;1117.97999765;2017-03-21 00:00:00;1123.4;1034;1036.88000006;8977.94194729;9763917.2938416;1087.54515802
483;1037.69999999;2017-03-22 00:00:00;1118;986.22000007;1117.97999764;11129.43293247;11601986.923637;1042.45984445
484;1034.99999987;2017-03-23 00:00:00;1057.006;1002.52000002;1034.82316026;4921.86660961;5107689.1201645;1037.7544792
485;942.51000039;2017-03-24 00:00:00;1037.50588201;930.1;1034.99999983;13665.09513551;13381400.049497;979.23943571
486;971.95083163;2017-03-25 00:00:00;980.08958297;888.98999998;946.79999997;14511.42726562;13539527.463583;933.02520942
487;963.04740785;2017-03-26 00:00:00;1008.49999999;948.42378187;971.95083163;8623.20783385;8418519.6536257;976.26310484
488;1040.25000001;2017-03-27 00:00:00;1046.52104237;957.673528;966.99999999;9542.79751511;9665623.1186773;1012.8710269
489;1042.34645781;2017-03-28 00:00:00;1066;1015.5;1042.70581575;7460.12537819;7787918.0691067;1043.93930052
490;1040;2017-03-29 00:00:00;1057.98;1008;1042;5946.86694366;6149111.6021545;1034.00860661
491;1040.59908959;2017-03-30 00:00:00;1053.29999995;1022;1040;7270.61752548;7528565.3023409;1035.47811117
492;1081.36295113;2017-03-31 00:00:00;1095;1036.79880654;1040.59908959;10072.7394047;10672163.567536;1059.50954737
493;1095.87488705;2017-04-01 00:00:00;1107.11526922;1069.00000101;1078.15705958;5824.83344363;6334579.8717233;1087.51261869
494;1106.63248382;2017-04-02 00:00:00;1140;1075;1095;15633.8080686;17178718.541374;1098.81856461
495;1151.2102033;2017-04-03 00:00:00;1161;1101.01;1107.797979;15273.96368913;17393398.7283;1138.76129878
496;1143.90818147;2017-04-04 00:00:00;1164.43609029;1122.38204087;1151.2102033;9217.25836932;10546892.970701;1144.25489099
497;1139.99999994;2017-04-05 00:00:00;1147.88568475;1113.49769376;1143.90818147;9199.821243;10383414.545307;1128.65394566
498;1193.92000001;2017-04-06 00:00:00;1220;1137.23976888;1137.2656011;12557.3680464;14807549.44844;1179.19212001
499;1197.58999997;2017-04-07 00:00:00;1208;1176.52610038;1194.11636853;8133.25771008;9709020.7560589;1193.74315952
500;1189.68903824;2017-04-08 00:00:00;1207.76999999;1172.40000002;1197.58999997;4993.32304961;5942459.3575465;1190.08109399
501;1216.54157433;2017-04-09 00:00:00;1227.32926696;1180.00000002;1189.68903823;5837.22744036;7033619.5967046;1204.95897556
502;1219.49999999;2017-04-10 00:00:00;1228.99999993;1202;1216.54157429;3866.97237504;4710062.2081547;1218.02323661
503;1235.99999901;2017-04-11 00:00:00;1246.17325885;1205.98;1219.54999997;3725.2829572;4563138.8670314;1224.91067643
504;1227.00000044;2017-04-12 00:00:00;1240.24999996;1220.57;1235.3121445;5301.9662533;6514305.7260039;1228.65846646
505;1186.00000004;2017-04-13 00:00:00;1240;1160.99998944;1227.00000035;7992.83585865;9560771.8801522;1196.1676743
506;1207.5051791;2017-04-14 00:00:00;1221.73333333;1183.98989962;1188.98989872;4800.06173687;5774865.9823952;1203.08160581
507;1194.54959853;2017-04-15 00:00:00;1218;1185.99999959;1207.5051791;4104.21789704;4947169.9788501;1205.38677598
508;1212.5;2017-04-16 00:00:00;1217.00000001;1190.00000009;1193.94839339;2691.61774504;3253026.4592128;1208.57668783
509;1238.99999999;2017-04-17 00:00:00;1240.48624047;1205.26;1212.56;6124.05300205;7497021.9530006;1224.19285895
510;1268.04810031;2017-04-18 00:00:00;1279.99999999;1236.50000223;1238.99999999;7500.09328047;9455075.6645271;1260.66107592
511;1262.88999999;2017-04-19 00:00:00;1293;1257.00000001;1265;5163.50041313;6540119.5128344;1266.60578862
512;1306.65000023;2017-04-20 00:00:00;1328;1260;1262.89;6683.05788018;8629088.8722415;1291.18870836
513;1328;2017-04-21 00:00:00;1334.99999999;1305.55;1306.65000023;5175.24681011;6823843.60854;1318.55423691
514;1346;2017-04-22 00:00:00;1349;1291.63403611;1328;5207.99741996;6871016.032421;1319.32016826
515;1352.19356875;2017-04-23 00:00:00;1366.9;1336.33991796;1345.3667575;5537.5988081;7462767.432938;1347.65404493
516;1347.39901051;2017-04-24 00:00:00;1357.76054805;1325.95555477;1352.19356875;5294.38259921;7107234.2429539;1342.41039625
517;1371.30000001;2017-04-25 00:00:00;1380.81459654;1341.0960042;1346.86288997;4876.41783008;6630005.3390622;1359.60567163
518;1398.62832429;2017-04-26 00:00:00;1412.93003847;1364.65264554;1372.98;5857.68188701;8147237.9505366;1390.86384472
519;1439.38101398;2017-04-27 00:00:00;1448.88882222;1390.00000009;1398.62832429;6953.12883897;9877013.957389;1420.5135826
520;1413.29999998;2017-04-28 00:00:00;1450;1369.54757195;1439.38101398;8545.89155839;12034818.981516;1408.25786277
521;1424.63835519;2017-04-29 00:00:00;1438;1404.1203479;1413.29999997;7861.70106246;11151114.554715;1418.40989197
522;1435.08977391;2017-04-30 00:00:00;1442.75347154;1402;1424.63835515;6694.79524991;9521701.9646241;1422.25439452
523;1529.99999999;2017-05-01 00:00:00;1585.16;1429.01149368;1435.08977389;13412.00859184;20038395.802244;1494.0637463
524;1561.907;2017-05-02 00:00:00;1615.02380427;1510;1529.99999999;7422.17146827;11571053.71835;1558.98496387
525;1615.62000002;2017-05-03 00:00:00;1628.88882222;1545.30940914;1562.14433334;9510.43168964;15060856.611379;1583.61440393
526;1603.89857162;2017-05-04 00:00:00;1699.13;1515;1615.62;16308.05491792;26329240.648002;1614.49300854
527;1543.4;2017-05-05 00:00:00;1663.9717299;1454.12233181;1603.89857162;20371.31886167;32397184.731807;1590.33320089
528;1598.2058167;2017-05-06 00:00:00;1629.48;1540.34490983;1543.40000001;13521.52198936;21397848.989857;1582.50299091
529;1620.15;2017-05-07 00:00:00;1657;1568;1598.2058167;19051.15440815;30423501.191191;1596.93741068
530;1705.6743542;2017-05-08 00:00:00;1723.99999999;1609.99000001;1621.99999994;21428.80773893;35687457.648562;1665.39632458
531;1758.51393978;2017-05-09 00:00:00;1813.8000001;1690.09940342;1705.6743542;17657.7834923;31031382.589537;1757.37700052
532;1799.99999997;2017-05-10 00:00:00;1816.38960565;1705.1;1758.89751477;11064.34365869;19590186.244489;1770.56921303
533;1860.10327257;2017-05-11 00:00:00;1900.99899995;1757.41238003;1799.99999997;12497.83636284;23108792.967502;1849.02348667
534;1735.70623556;2017-05-12 00:00:00;1876.88899399;1704;1857.5438325;12647.81643398;22671159.462042;1792.49592847
535;1822.18209573;2017-05-13 00:00:00;1828.56892521;1651.95470847;1735.70623556;8946.70591635;15487324.079017;1731.06439664
536;1826;2017-05-14 00:00:00;1855;1776.777;1822.18209573;6537.96045898;11894862.005852;1819.35361654
537;1771.09832331;2017-05-15 00:00:00;1835;1720;1821.00000004;10205.64188977;17995978.976383;1763.33631639
538;1787.00000024;2017-05-16 00:00:00;1799.99;1719;1774.4785105;11641.71334021;20535506.520349;1763.95912871
539;1872.99999994;2017-05-17 00:00:00;1897.9;1770.13994165;1790.98999949;13764.56270894;25413098.858037;1846.26997569
540;1942.14469914;2017-05-18 00:00:00;1948;1852.28556046;1872.99999999;9691.52645629;18368974.30046;1895.36440758
541;1966.99999984;2017-05-19 00:00:00;1994;1925.99999996;1942.2612287;10851.22736721;21303398.31478;1963.22476655
542;2074.60645908;2017-05-20 00:00:00;2075.51461898;1959.94713601;1966.9999998;9191.44067801;18428479.181757;2004.96090083
543;2030.99999999;2017-05-21 00:00:00;2099.99999999;1985;2073;9596.26451457;19641402.589295;2046.77586361
544;2090.00000006;2017-05-22 00:00:00;2229.19999997;1975.19120351;2030.99999996;15340.73041979;32492458.446294;2118.05158927
545;2244.89495691;2017-05-23 00:00:00;2245;2065;2092.00000003;10643.57533546;23111448.180548;2171.39893805
546;2389.00000017;2017-05-24 00:00:00;2447.99999999;2220;2244;14867.8601337;34548265.730881;2323.68783538
547;2210;2017-05-25 00:00:00;2698.36062429;2075.05493865;2389.0000002;29913.10205027;71553361.438062;2392.04082939
548;2130.82794284;2017-05-26 00:00:00;2484.45555317;1928;2210;29191.79238875;64314551.745563;2203.17241535
549;1972.76599998;2017-05-27 00:00:00;2205.56738819;1538;2135.5;48896.61680798;92665867.003232;1895.1386221
550;2057.10000001;2017-05-28 00:00:00;2196;1850;1971.62;26269.16735119;53655830.894775;2042.54022129
551;2207;2017-05-29 00:00:00;2252.3002892;1976.01000001;2054.60213318;15934.80994729;33996389.987358;2133.46692554
552;2139.99999999;2017-05-30 00:00:00;2284;2050.5;2207.00000001;18353.43228897;40157964.723235;2188.03568133
553;2196.99999967;2017-05-31 00:00:00;2240.50000002;2005.93937735;2139.99999998;15118.10403927;32306413.202331;2136.93549921
554;2314.59525181;2017-06-01 00:00:00;2368.55663483;2171.08644538;2196.99899999;17878.83109912;40944880.757948;2290.13186214
555;2408;2017-06-02 00:00:00;2413.92321999;2267.9299436;2322.20898;9630.88878719;22364557.424392;2322.16962718
556;2455.30084836;2017-06-03 00:00:00;2482.25;2344.2680156;2413;9788.25216392;23687278.961569;2419.97024237
557;2483.55;2017-06-04 00:00:00;2497.21329063;2374;2460.22139999;8691.91844533;21332021.248219;2454.23624052
558;2635.35652085;2017-06-05 00:00:00;2635.35652085;2477.48999998;2483.55;8772.08464631;22372229.837905;2550.38918796
559;2846;2017-06-06 00:00:00;2894.99999999;2580;2635.00000005;29648.76541248;81923184.446165;2763.12295997
560;2645.50430872;2017-06-07 00:00:00;2862.54525257;2564;2846.00000001;17896.31493884;49070430.356723;2741.92930357
561;2788;2017-06-08 00:00:00;2797.14511794;2558.9;2645.50430872;12593.05384383;34013412.940554;2700.96621219
562;2816.09973687;2017-06-09 00:00:00;2850.99999949;2769.11589253;2786.16326382;8984.74441692;25275425.99678;2813.14913634
563;2811.82022002;2017-06-10 00:00:00;2906.16026926;2760;2813;10812.67489572;30620792.046735;2831.93495985
564;2937.1;2017-06-11 00:00:00;2977;2784.00000002;2803.99990001;10719.86273014;30830678.595825;2876.03296534
565;2571.05013426;2017-06-12 00:00:00;2965;2300;2937.1;34030.29827623;88704710.63544;2606.63923411
566;2676.77469678;2017-06-13 00:00:00;2750;2513.58496152;2566.50556852;16027.88829868;42251296.767639;2636.11125684
567;2386.78070979;2017-06-14 00:00:00;2729.21;2273.1;2671.00086237;25265.77729572;63183088.135901;2500.73795064
568;2374.46992685;2017-06-15 00:00:00;2459.85750006;2012;2386.7807098;46736.31646862;104677533.97412;2239.74720053
569;2435.00000001;2017-06-16 00:00:00;2477.48703455;2240;2374.46992799;18240.33432428;43479966.625069;2383.7264083
570;2607.14769572;2017-06-17 00:00:00;2640;2369.61451577;2438.49136377;14593.31249158;36800919.715181;2521.76603059
571;2492.3;2017-06-18 00:00:00;2640.44856603;2408;2607.14769572;18380.48197686;46411759.478332;2525.05671705
572;2583.04709526;2017-06-19 00:00:00;2596.3421559;2481.49782383;2491.12119074;11121.83806339;28294406.623223;2544.04051398
573;2668.00000301;2017-06-20 00:00:00;2785.52657367;2563.73;2584.99999992;13857.80593999;36903854.052626;2663.03729554
574;2620;2017-06-21 00:00:00;2775.81626497;2541.20794418;2668.00000301;16445.25889265;43815656.010359;2664.33361106
575;2673.37636987;2017-06-22 00:00:00;2704.94331536;2544;2624.90653876;8462.66939048;22304647.568062;2635.65153486
576;2670;2017-06-23 00:00:00;2720;2650;2675.32267508;4866.66585205;13090231.864388;2689.77412099
577;2503.48203847;2017-06-24 00:00:00;2687.99999999;2450.92370001;2670.881526;13306.06568386;34088563.732193;2561.88151645
578;2481.8117977;2017-06-25 00:00:00;2602.08518563;2359.10291486;2503.4303456;16729.61422977;41560204.433619;2484.22969369
579;2395.28891992;2017-06-26 00:00:00;2508.92659464;2192.00000001;2479.9;31333.87509032;73840480.752938;2356.57034248
580;2510;2017-06-27 00:00:00;2515.99999999;2168.333;2393.38025002;26625.38021272;62426319.778939;2344.61702631
581;2513.00000002;2017-06-28 00:00:00;2560.79000002;2390.38105202;2510;16022.41754832;39676839.183427;2476.33286698
582;2468.47472319;2017-06-29 00:00:00;2539.5783773;2398.9622295;2517.99999998;12790.44807094;31738707.57099;2481.43828855
583;2423.6613876;2017-06-30 00:00:00;2510;2402.11;2466.44776592;9118.53276639;22464915.807933;2463.6546672
584;2346.54237323;2017-07-01 00:00:00;2441.99999996;2284;2423.66138761;11557.55590694;27320209.019652;2363.83965949
585;2435.14325217;2017-07-02 00:00:00;2465;2295.4139943;2346;10295.86307975;24458197.645721;2375.53641266
586;2536.4577091;2017-07-03 00:00:00;2591.89899;2417.54545454;2438.58276941;12886.91317815;32364235.437645;2511.40323444
587;2603.0000001;2017-07-04 00:00:00;2624.12345003;2530.01475643;2535.69695163;3036.42988533;7872389.9394885;2592.64670576
588;2599.00010597;2017-07-05 00:00:00;2619.90012345;2480.61;2579.9544137;7608.23567432;19375861.158388;2546.69571077
589;2589.9457086;2017-07-06 00:00:00;2605.44380335;2546.38790528;2599.00014572;5422.78804626;13985440.225324;2579.01288156
590;2477;2017-07-07 00:00:00;2599.81347213;2423;2587.05608579;12106.08218448;30327873.809744;2505.17660028
591;2549.27253246;2017-07-08 00:00:00;2549.27253246;2420;2476.99999997;8892.05355569;22059814.777304;2480.84591924
592;2473.1147386;2017-07-09 00:00:00;2559;2470;2549.27253246;5754.35887929;14494306.767811;2518.83955656
593;2316;2017-07-10 00:00:00;2499.59999999;2244;2474.88862999;19287.1574026;45871920.07411;2378.36603479
594;2283.99552336;2017-07-11 00:00:00;2375.425162;2183.00000001;2316;25051.60022217;57419123.935356;2292.0341785
595;2375.92499996;2017-07-12 00:00:00;2398.445;2195.00000004;2283.99552336;17335.85568848;40112388.629013;2313.83955599
596;2327.26714203;2017-07-13 00:00:00;2400;2284.01;2376;14054.82265814;32875535.077485;2339.09284216
597;2205.90730017;2017-07-14 00:00:00;2350;2133.99999997;2327.3;14905.35924947;33293525.850205;2233.6614162
598;1977.5;2017-07-15 00:00:00;2213.87290324;1972.00001;2205.90730018;28823.07244634;59275252.46186;2056.5209546
599;1925.89999989;2017-07-16 00:00:00;2054;1835.00027699;1977.5;34464.89826659;66403515.271259;1926.69987758
600;2223.40308238;2017-07-17 00:00:00;2224.84499999;1922.19330015;1922.19330015;28707.75490146;59429221.78286;2070.14522685
601;2299.99999958;2017-07-18 00:00:00;2390;2117.27096332;2223.40308238;32552.14170484;74187365.781234;2279.0317901
602;2249.99999972;2017-07-19 00:00:00;2409.90497;2210;2299.99999951;23108.49889393;53165309.176763;2300.68207462
603;2855;2017-07-20 00:00:00;2925.99999999;2246.91570781;2249.99999972;44658.09641771;115996549.015;2597.4360378
604;2666.69902964;2017-07-21 00:00:00;2864.00000006;2600.5;2850.95;27406.65471447;74807686.659492;2729.54461019
605;2847;2017-07-22 00:00:00;2909.51102727;2646.5026124;2669.65585919;20724.55731642;58251215.17102;2810.73386908
606;2751.43083445;2017-07-23 00:00:00;2880.1512172;2655;2847.00000004;16433.28298121;45486459.59329;2767.9471987
607;2769.36363636;2017-07-24 00:00:00;2815.51744787;2705.01;2751.43083446;11943.75185936;32987032.014307;2761.86514947
608;2565.99999948;2017-07-25 00:00:00;2800;2417.33001;2769.36363637;39725.94814014;102645701.46694;2583.84522642
609;2526.35064673;2017-07-26 00:00:00;2619.96493511;2400;2565.99999948;20882.98379061;52104922.715903;2495.08993725
610;2669.999998;2017-07-27 00:00:00;2695.65148429;2506.44022736;2526.35064674;14050.65643496;36320872.791147;2584.9947267
611;2789.98120002;2017-07-28 00:00:00;2844.23;2660;2669.99999799;19643.05920634;54072388.339692;2752.7478165
612;2719.00000003;2017-07-29 00:00:00;2794.9;2659.00000005;2788.5;9538.23970504;25901757.130231;2715.56995118
613;2753;2017-07-30 00:00:00;2753.48609939;2619.97526495;2723.5697957;8432.37561724;22700308.589035;2692.04191315
614;2855;2017-07-31 00:00:00;2882.99999994;2692.17417055;2753.48609939;10520.1737698;29353388.684545;2790.19998403
615;2736.48268487;2017-08-01 00:00:00;2927.00000002;2640;2855;18804.3860262;52056978.710515;2768.34237703
616;2699;2017-08-02 00:00:00;2760.46813195;2667.6606257;2736.38268496;8730.9253108;23714653.950686;2716.16731405
617;2794.88999995;2017-08-03 00:00:00;2808.77059872;2698;2699;5569.7253257;15339545.638192;2754.09373733
618;2863.0099985;2017-08-04 00:00:00;2879.90000004;2762.00000002;2789.12000004;6128.85815424;17359065.526864;2832.34904283
619;3256.53665595;2017-08-05 00:00:00;3333;2852.82382318;2858.00002018;19401.93722356;61195311.48266;3154.08254224
620;3228.99999993;2017-08-06 00:00:00;3309;3143;3253.00000004;8890.12740818;28805789.40803;3240.19984027
621;3398.99999999;2017-08-07 00:00:00;3436.20089999;3191;3228.99991998;8959.5371539;29894673.359708;3336.63144046
622;3411;2017-08-08 00:00:00;3480;3350;3397.99999999;11195.10423652;38268744.516578;3418.34642251
623;3334.33601873;2017-08-09 00:00:00;3429.42220025;3229.18977781;3405.99999998;10161.48239223;33829413.320405;3329.18092209
624;3415.86609324;2017-08-10 00:00:00;3444.999999;3306.19746171;3337;6233.02512729;21173252.151403;3396.94638141
625;3641.33709998;2017-08-11 00:00:00;3674.9;3400.88;3418.86609323;7385.87902173;26030562.907956;3524.36897915
626;3767.50499997;2017-08-12 00:00:00;3767.50499997;3591.56508346;3648.99999994;2944.27531723;10854285.361622;3686.57282085
627;4025;2017-08-13 00:00:00;4254.88402546;3833;3865;17104.43432853;68906069.908798;4028.55005814
628;4186;2017-08-14 00:00:00;4245;3965;4051.69740436;4534.26725734;18614859.766028;4105.3733072
629;4149;2017-08-15 00:00:00;4426;3761.70461157;4310.92800002;19596.05947358;80209337.179699;4093.13603522
630;4380.99999999;2017-08-16 00:00:00;4395.55499999;3926;4146.00000001;9680.75941664;40427286.664403;4176.04496966
631;4262;2017-08-17 00:00:00;4489.20999994;4180;4380.99999999;10911.64942838;47385213.473242;4342.62608822
632;4090;2017-08-18 00:00:00;4354;3960;4262.00000001;12831.51354073;53465748.50672;4166.75307531
633;4137.62063907;2017-08-19 00:00:00;4187.8917385;3910;4090;14903.22081321;60390800.933055;4052.19795707
634;4074.84913119;2017-08-20 00:00:00;4185.5046549;4035.33083709;4148.31645086;6596.03773397;27106681.999013;4109.54016521
635;3994.00000003;2017-08-21 00:00:00;4100.6799598;3950;4074;9705.0606939;39085823.926302;4027.36522306
636;4064.5176;2017-08-22 00:00:00;4095;3601.00000005;4003.56396757;15978.87588038;62015463.992713;3881.09053834
637;4136;2017-08-23 00:00:00;4249;4020.00000003;4060;10300.62699163;42682951.088524;4143.72359305
638;4321;2017-08-24 00:00:00;4365;4105;4132.00000001;7435.72329083;31337716.371695;4214.48124762
639;4352.00000091;2017-08-25 00:00:00;4455.123;4261.19417368;4321;6995.18553573;30468459.336863;4355.63276788
640;4354.95;2017-08-26 00:00:00;4375;4248.61386148;4352.43520091;5569.5761483;23976332.051985;4304.87552617
641;4321.66862636;2017-08-27 00:00:00;4398;4249.39291;4354.94999999;4577.21824657;19857203.619393;4338.26891131
642;4380.009999;2017-08-28 00:00:00;4399.99;4170.0000005;4330;7588.96758553;32598240.17618;4295.47758753
643;4590.00000001;2017-08-29 00:00:00;4650;4336;4380.009999;7035.71927678;31750225.494503;4512.71920403
644;4573.3974586;2017-08-30 00:00:00;4632.19603703;4465.89999997;4590.00000002;5108.75500605;23325733.047973;4565.83512428
645;4715.15472512;2017-08-31 00:00:00;4742.4189453;4563.93900054;4567.7;5071.83394167;23692351.824155;4671.35795387
646;4899.00000047;2017-09-01 00:00:00;4900;4664.63384397;4715.15472512;8587.91742996;41131095.695636;4789.41443383
647;4511;2017-09-02 00:00:00;4950;4361.18000002;4899.99999999;19255.1592391;88448299.7225;4593.48575746
648;4604.23005;2017-09-03 00:00:00;4730;4330;4511;9747.58242843;44240707.04095;4538.6337962
649;4208.99999996;2017-09-04 00:00:00;4609.41189999;4021.8;4604.23005;19061.0764831;81228486.311874;4261.48472694
650;4385.95793389;2017-09-05 00:00:00;4472.35273107;3910;4208.99999996;14328.06878104;59766471.945184;4171.28594638
651;4589.00866529;2017-09-06 00:00:00;4630.57664352;4349.09835001;4385.8548202;8414.55915746;37845268.4055;4497.5937179
652;4613.67058239;2017-09-07 00:00:00;4685.12007432;4447.22235;4592;6252.44619679;28578683.165968;4570.80033421
653;4301.07510754;2017-09-08 00:00:00;4678.1;4050;4613.67058241;17258.75939373;74450350.712083;4313.77186584
654;4321.06375806;2017-09-09 00:00:00;4377.59999999;4150;4308.52943341;5855.35663051;25031316.480883;4274.94310943
655;4230;2017-09-10 00:00:00;4322.93224359;3973.65663723;4322.14135638;8989.81413772;37275561.787996;4146.42185221
656;4200.21000001;2017-09-11 00:00:00;4370;4120.786;4229.99998942;6557.56735271;27663201.714656;4218.51583472
657;4143.7887779;2017-09-12 00:00:00;4376.40009654;4050.7196195;4200.21000003;7638.97113584;32206815.425438;4216.11953399
658;3863.99999999;2017-09-13 00:00:00;4158.54014199;3738;4143.7887779;15312.42261216;59770375.786067;3903.39120725
659;3225.00000019;2017-09-14 00:00:00;3931.34184627;3203;3860.40366478;27446.25299676;96664634.780868;3521.96107761
660;3696;2017-09-15 00:00:00;3817.74999997;2927.40000002;3225.00000059;41061.21994434;139231789.90144;3390.83422485
661;3686.19615279;2017-09-16 00:00:00;3895.00000002;3504.761;3696;13765.00198925;50749399.288485;3686.84285902
662;3677.99675073;2017-09-17 00:00:00;3772;3470.11000004;3685.1;8069.45401566;29313504.897916;3632.65034301
663;4078;2017-09-18 00:00:00;4114.27670678;3671.0002;3671.0002;11137.16281674;43856927.245025;3937.89046336
664;3900;2017-09-19 00:00:00;4109.69756083;3830.00000001;4077.61645508;8443.58091624;33325193.431471;3946.80808558
665;3875.95761909;2017-09-20 00:00:00;4048.47;3831.10000001;3900;5298.00216376;20882425.703425;3941.56609566
666;3600.00000001;2017-09-21 00:00:00;3918.21099997;3558.00000001;3875.00000015;9769.21004753;36493119.009385;3735.52404256
667;3590;2017-09-22 00:00:00;3745.37997275;3490.20653793;3600;8607.72297592;31037034.319058;3605.71946911
668;3784.99999999;2017-09-23 00:00:00;3811;3556.00001;3589.99999959;4846.55559704;18063911.355514;3727.16478617
669;3659.45499703;2017-09-24 00:00:00;3802.26862745;3612.27878477;3784.99999999;2938.84065713;10850221.916853;3692.00755764
670;3925.95699997;2017-09-25 00:00:00;3975.3307;3655.88281585;3659.45499703;6369.99684274;24529373.544617;3850.76698626
671;3880.729;2017-09-26 00:00:00;3990.9;3845;3925.93999999;3892.3565628;15261636.181233;3920.92449265
672;4202;2017-09-27 00:00:00;4234.25902018;3879.00000001;3880.729;7008.92085127;28598100.132058;4080.24298446
673;4190.00838781;2017-09-28 00:00:00;4277.99999989;4110.00000002;4204.21290001;6211.0436922;26059130.215439;4195.61212363
674;4168.0678793;2017-09-29 00:00:00;4245;4010.1;4189.8783878;5893.95557702;24329621.970669;4127.89367899
675;4365.00000006;2017-09-30 00:00:00;4390;4164.00000001;4170;3730.58451882;16074622.837572;4308.87512572
676;4412.79348634;2017-10-01 00:00:00;4421;4255.51288978;4365.00000006;3008.98915404;13036065.405006;4332.37367688
677;4401;2017-10-02 00:00:00;4486.99999999;4358;4412.79348634;3732.77094287;16503106.174588;4421.14087019
678;4308.88;2017-10-03 00:00:00;4434.01234;4216;4401;4103.76462272;17628673.696058;4295.7321671
679;4213.30042629;2017-10-04 00:00:00;4350.83575743;4173.30560003;4311.05341807;2867.88559073;12156970.632115;4239.00125981
680;4317.0654709;2017-10-05 00:00:00;4368.58692255;4131.00000007;4213.30042629;3312.38667653;14102080.415096;4257.37747196
681;4371.63623916;2017-10-06 00:00:00;4423.75492629;4298.32;4317.06547089;2217.16941326;9684440.082593;4367.92967856
682;4440;2017-10-07 00:00:00;4480;4314.00000001;4371.63623912;2876.11922225;12568479.037771;4369.9436868
683;4611.00000019;2017-10-08 00:00:00;4633.39225828;4420.71604367;4440;4353.59971723;19782392.987906;4543.91636181
684;4787.65755;2017-10-09 00:00:00;4888;4553.12640386;4617.75757253;6065.64259486;28600172.201272;4715.11002404
685;4770;2017-10-10 00:00:00;4939.13;4714.83272866;4782.86989244;4584.01941585;22146485.271026;4831.23723133
686;4820.00000001;2017-10-11 00:00:00;4875.47850202;4720;4770;2373.60368199;11401863.434754;4803.60875796
687;5441.55460001;2017-10-12 00:00:00;5444.36749996;4820.00000001;4826;8183.77109144;42509665.702337;5194.38596551
688;5646.6291435;2017-10-13 00:00:00;5862;5385.60000002;5444.36749995;11638.27632148;65662685.365964;5641.95964696
689;5832.72549999;2017-10-14 00:00:00;5850;5560.176205;5646.81105826;3582.23137042;20431178.047336;5703.47806566
690;5715;2017-10-15 00:00:00;5880.87;5434.14000003;5839.99999995;6600.63449379;36914135.984565;5592.51326812
691;5765;2017-10-16 00:00:00;5800;5565;5715.00000001;5516.72776177;31343494.34654;5681.53726267
692;5609.38701781;2017-10-17 00:00:00;5780.10765528;5512.68447392;5765;4799.39724407;26958951.01156;5617.15349669
693;5562.99999973;2017-10-18 00:00:00;5609.3870178;5100;5609.3870178;7989.88174847;42728638.503172;5347.84366631
694;5696.65487095;2017-10-19 00:00:00;5737.90918111;5495.86543267;5569.64953294;3961.46968003;22373731.47278;5647.83610122
695;5992;2017-10-20 00:00:00;6095;5600.09056759;5696.65487095;5368.22766746;31671110.599309;5899.73312631
696;6009.33864396;2017-10-21 00:00:00;6180;5865;5990;5597.0185381;33916718.483332;6059.78312425
697;5963.68434001;2017-10-22 00:00:00;6069.99999999;5707.36180313;6009.33864396;4998.3810114;29397655.89187;5881.4355738
698;5899.99999999;2017-10-23 00:00:00;6058.99999998;5500;5975;6774.53067337;39264109.488824;5795.84201207
699;5508.76;2017-10-24 00:00:00;5900;5460;5900;7083.69263184;39942309.385756;5638.62824965
700;5709.31000001;2017-10-25 00:00:00;5745;5362.39;5500.00000003;4282.42831031;23695905.619236;5533.28716844
701;5880.00000001;2017-10-26 00:00:00;5968;5669.10470001;5709.31000001;4195.14806198;24489995.607452;5837.69517681
702;5756.51178353;2017-10-27 00:00:00;5999.00201;5683.1844118;5882.00000001;3102.75128825;18054468.287269;5818.85772012
703;5719;2017-10-28 00:00:00;5870.32000074;5641;5756.51178354;1931.69504951;11070228.503588;5730.83650361
704;6155;2017-10-29 00:00:00;6248.63;5670;5719;5545.15410503;33176735.611668;5983.01417476
705;6125;2017-10-30 00:00:00;6246.07500019;6004.39742146;6155;2862.98214754;17545716.861177;6128.47581891
706;6450.02162843;2017-10-31 00:00:00;6475.44007663;6091.09;6121.35190656;3829.37339929;24118456.124153;6298.27744889
707;6739.791199;2017-11-01 00:00:00;6739.791199;6351;6455;4721.89715208;30821269.442537;6527.30638763
708;7025;2017-11-02 00:00:00;7281.42800003;6607.30296794;6739.79119899;10748.34966423;74401788.913629;6922.1593303
709;7124.35999982;2017-11-03 00:00:00;7438.62920135;6921.23923663;7025;5919.59250455;42603430.778345;7197.02086682
710;7365.99999999;2017-11-04 00:00:00;7440.00000004;6864.16306531;7124.35999982;5099.92868749;36762707.584537;7208.47483117
711;7379.16813705;2017-11-05 00:00:00;7599;7250.3;7360.00000009;4322.23052887;32231637.398836;7457.17684041
712;6929.97042124;2017-11-06 00:00:00;7420;6908.51315854;7379.16813705;6588.70881429;47092577.364804;7147.46677872
713;7084.87344467;2017-11-07 00:00:00;7250.99999997;6929.97042124;6929.97042124;4117.55484485;29114065.737518;7070.71716942
714;7409.99999999;2017-11-08 00:00:00;7770.99929997;7000;7084.87344467;9304.06211212;68447769.287297;7356.76185976
715;7020;2017-11-09 00:00:00;7441.99999994;6955.47946617;7398;6184.85434525;44561094.134016;7204.8736553
716;6543.20421755;2017-11-10 00:00:00;7277.39199995;6315;7020;13449.76633714;90827394.139463;6753.08342633
717;6300.00000041;2017-11-11 00:00:00;6800;6150;6544.4404005;12817.54890784;82349719.452908;6424.76342747
718;5834.99999999;2017-11-12 00:00:00;6549.00000006;5151;6318.99999999;28336.75894946;170040869.59164;6000.7169449
719;6475.7786365;2017-11-13 00:00:00;6701.98532544;5773.22256332;5840.54588383;18072.31934397;113649124.66403;6288.57439385
720;6554.91826454;2017-11-14 00:00:00;6687.99999997;6299.35892763;6477.99999999;6785.763522;44315475.662529;6530.65429098
721;7275.1192;2017-11-15 00:00:00;7298.35;6554.91826453;6554.91826454;9572.66396901;67128214.469818;7012.49042974
722;7858.00100004;2017-11-16 00:00:00;7980;7082.12862336;7275.1192;11103.86306679;83626670.641329;7531.31321399
723;7687.51011467;2017-11-17 00:00:00;8022;7511;7858.999;8946.19052298;69824314.893926;7804.92151542
724;7770;2017-11-18 00:00:00;7855.180018;7413.00000009;7687.51011467;5862.04677642;44817158.422224;7645.30890515
725;8060;2017-11-19 00:00:00;8131.29887311;7650.00000001;7768.3834313;5244.92635594;41462129.384962;7905.18809439
726;8249.00000001;2017-11-20 00:00:00;8299.754;7951;8076.49966669;4201.59371023;34280280.986163;8158.87573867
727;8107;2017-11-21 00:00:00;8389.16699997;7807;8249.00000001;8320.6135928;67393997.555178;8099.64274912
728;8213.64556508;2017-11-22 00:00:00;8319;8077.8244035;8107;4371.91181056;35871100.193125;8204.90022385
729;8227.99999931;2017-11-23 00:00:00;8268.31399996;8202.0000002;8213.64556508;185.47331344;1528133.865606;8239.10371397
